-- R__seed_library_sample_data.sql
-- Dev/sample seed data for local testing

-- =========================
-- Categories
-- =========================
INSERT INTO categories (id, name)
VALUES
    ('11111111-1111-1111-1111-111111111111', 'Science'),
    ('22222222-2222-2222-2222-222222222222', 'Technology'),
    ('33333333-3333-3333-3333-333333333333', 'Fiction'),
    ('44444444-4444-4444-4444-444444444444', 'History')
ON CONFLICT (id) DO NOTHING;

-- =========================
-- Authors
-- =========================
INSERT INTO authors (id, name)
VALUES
    ('a1111111-1111-1111-1111-111111111111', 'Isaac Asimov'),
    ('a2222222-2222-2222-2222-222222222222', 'Arthur C. Clarke'),
    ('a3333333-3333-3333-3333-333333333333', 'Stephen Hawking'),
    ('a4444444-4444-4444-4444-444444444444', 'Yuval Noah Harari'),
    ('a5555555-5555-5555-5555-555555555555', 'George Orwell'),
    ('a6666666-6666-6666-6666-666666666666', 'Frank Herbert')
ON CONFLICT (id) DO NOTHING;

-- =========================
-- Books
-- =========================
INSERT INTO books (id, isbn, title, description, category_id)
VALUES
    ('b0000001-0000-0000-0000-000000000001', '9780000000001', 'Foundation', 'Classic science fiction novel.', '33333333-3333-3333-3333-333333333333'),
    ('b0000002-0000-0000-0000-000000000002', '9780000000002', 'Foundation and Empire', 'Second Foundation series book.', '33333333-3333-3333-3333-333333333333'),
    ('b0000003-0000-0000-0000-000000000003', '9780000000003', 'Second Foundation', 'Third Foundation series book.', '33333333-3333-3333-3333-333333333333'),
    ('b0000004-0000-0000-0000-000000000004', '9780000000004', '2001: A Space Odyssey', 'Science fiction classic.', '33333333-3333-3333-3333-333333333333'),
    ('b0000005-0000-0000-0000-000000000005', '9780000000005', 'Childhood''s End', 'Alien encounter science fiction novel.', '33333333-3333-3333-3333-333333333333'),
    ('b0000006-0000-0000-0000-000000000006', '9780000000006', 'A Brief History of Time', 'Cosmology and physics.', '11111111-1111-1111-1111-111111111111'),
    ('b0000007-0000-0000-0000-000000000007', '9780000000007', 'The Universe in a Nutshell', 'Modern physics explained.', '11111111-1111-1111-1111-111111111111'),
    ('b0000008-0000-0000-0000-000000000008', '9780000000008', 'Sapiens', 'A brief history of humankind.', '44444444-4444-4444-4444-444444444444'),
    ('b0000009-0000-0000-0000-000000000009', '9780000000009', 'Homo Deus', 'A look at the future of humanity.', '44444444-4444-4444-4444-444444444444'),
    ('b0000010-0000-0000-0000-000000000010', '9780000000010', '1984', 'Dystopian political fiction.', '33333333-3333-3333-3333-333333333333'),
    ('b0000011-0000-0000-0000-000000000011', '9780000000011', 'Animal Farm', 'Political satire novella.', '33333333-3333-3333-3333-333333333333'),
    ('b0000012-0000-0000-0000-000000000012', '9780000000012', 'Dune', 'Epic science fiction novel.', '33333333-3333-3333-3333-333333333333'),
    ('b0000013-0000-0000-0000-000000000013', '9780000000013', 'Dune Messiah', 'Second Dune novel.', '33333333-3333-3333-3333-333333333333'),
    ('b0000014-0000-0000-0000-000000000014', '9780000000014', 'Children of Dune', 'Third Dune novel.', '33333333-3333-3333-3333-333333333333'),
    ('b0000015-0000-0000-0000-000000000015', '9780000000015', 'I, Robot', 'Robot short stories.', '33333333-3333-3333-3333-333333333333'),
    ('b0000016-0000-0000-0000-000000000016', '9780000000016', 'The Caves of Steel', 'Robot detective novel.', '33333333-3333-3333-3333-333333333333'),
    ('b0000017-0000-0000-0000-000000000017', '9780000000017', 'Prelude to Foundation', 'Foundation prequel.', '33333333-3333-3333-3333-333333333333'),
    ('b0000018-0000-0000-0000-000000000018', '9780000000018', 'Forward the Foundation', 'Foundation prequel continuation.', '33333333-3333-3333-3333-333333333333'),
    ('b0000019-0000-0000-0000-000000000019', '9780000000019', 'The Selfish Gene', 'Evolutionary biology classic.', '11111111-1111-1111-1111-111111111111'),
    ('b0000020-0000-0000-0000-000000000020', '9780000000020', 'The Art of Computer Programming', 'Computer science classic.', '22222222-2222-2222-2222-222222222222')
ON CONFLICT (id) DO NOTHING;

-- =========================
-- Book Authors
-- =========================
INSERT INTO book_authors (book_id, author_id, author_order)
VALUES
    ('b0000001-0000-0000-0000-000000000001', 'a1111111-1111-1111-1111-111111111111', 1),
    ('b0000002-0000-0000-0000-000000000002', 'a1111111-1111-1111-1111-111111111111', 1),
    ('b0000003-0000-0000-0000-000000000003', 'a1111111-1111-1111-1111-111111111111', 1),
    ('b0000004-0000-0000-0000-000000000004', 'a2222222-2222-2222-2222-222222222222', 1),
    ('b0000005-0000-0000-0000-000000000005', 'a2222222-2222-2222-2222-222222222222', 1),
    ('b0000006-0000-0000-0000-000000000006', 'a3333333-3333-3333-3333-333333333333', 1),
    ('b0000007-0000-0000-0000-000000000007', 'a3333333-3333-3333-3333-333333333333', 1),
    ('b0000008-0000-0000-0000-000000000008', 'a4444444-4444-4444-4444-444444444444', 1),
    ('b0000009-0000-0000-0000-000000000009', 'a4444444-4444-4444-4444-444444444444', 1),
    ('b0000010-0000-0000-0000-000000000010', 'a5555555-5555-5555-5555-555555555555', 1),
    ('b0000011-0000-0000-0000-000000000011', 'a5555555-5555-5555-5555-555555555555', 1),
    ('b0000012-0000-0000-0000-000000000012', 'a6666666-6666-6666-6666-666666666666', 1),
    ('b0000013-0000-0000-0000-000000000013', 'a6666666-6666-6666-6666-666666666666', 1),
    ('b0000014-0000-0000-0000-000000000014', 'a6666666-6666-6666-6666-666666666666', 1),
    ('b0000015-0000-0000-0000-000000000015', 'a1111111-1111-1111-1111-111111111111', 1),
    ('b0000016-0000-0000-0000-000000000016', 'a1111111-1111-1111-1111-111111111111', 1),
    ('b0000017-0000-0000-0000-000000000017', 'a1111111-1111-1111-1111-111111111111', 1),
    ('b0000018-0000-0000-0000-000000000018', 'a1111111-1111-1111-1111-111111111111', 1),
    ('b0000019-0000-0000-0000-000000000019', 'a3333333-3333-3333-3333-333333333333', 1),
    ('b0000020-0000-0000-0000-000000000020', 'a3333333-3333-3333-3333-333333333333', 1)
ON CONFLICT (book_id, author_id) DO NOTHING;

-- =========================
-- Book Copies
-- =========================
INSERT INTO book_copies (id, book_id, copy_code, status, location, version)
VALUES
    ('c0000001-0000-0000-0000-000000000001', 'b0000001-0000-0000-0000-000000000001', 'COPY-001', 'AVAILABLE', 'SHELF', 0),
    ('c0000002-0000-0000-0000-000000000002', 'b0000001-0000-0000-0000-000000000001', 'COPY-002', 'AVAILABLE', 'SHELF', 0),
    ('c0000003-0000-0000-0000-000000000003', 'b0000002-0000-0000-0000-000000000002', 'COPY-003', 'AVAILABLE', 'BRANCH', 0),
    ('c0000004-0000-0000-0000-000000000004', 'b0000003-0000-0000-0000-000000000003', 'COPY-004', 'AVAILABLE', 'SHELF', 0),
    ('c0000005-0000-0000-0000-000000000005', 'b0000004-0000-0000-0000-000000000004', 'COPY-005', 'AVAILABLE', 'BRANCH', 0),
    ('c0000006-0000-0000-0000-000000000006', 'b0000005-0000-0000-0000-000000000005', 'COPY-006', 'AVAILABLE', 'SHELF', 0),
    ('c0000007-0000-0000-0000-000000000007', 'b0000006-0000-0000-0000-000000000006', 'COPY-007', 'AVAILABLE', 'BRANCH', 0),
    ('c0000008-0000-0000-0000-000000000008', 'b0000007-0000-0000-0000-000000000007', 'COPY-008', 'AVAILABLE', 'SHELF', 0),
    ('c0000009-0000-0000-0000-000000000009', 'b0000008-0000-0000-0000-000000000008', 'COPY-009', 'AVAILABLE', 'BRANCH', 0),
    ('c0000010-0000-0000-0000-000000000010', 'b0000009-0000-0000-0000-000000000009', 'COPY-010', 'AVAILABLE', 'SHELF', 0),
    ('c0000011-0000-0000-0000-000000000011', 'b0000010-0000-0000-0000-000000000010', 'COPY-011', 'AVAILABLE', 'BRANCH', 0),
    ('c0000012-0000-0000-0000-000000000012', 'b0000011-0000-0000-0000-000000000011', 'COPY-012', 'AVAILABLE', 'SHELF', 0),
    ('c0000013-0000-0000-0000-000000000013', 'b0000012-0000-0000-0000-000000000012', 'COPY-013', 'AVAILABLE', 'BRANCH', 0),
    ('c0000014-0000-0000-0000-000000000014', 'b0000013-0000-0000-0000-000000000013', 'COPY-014', 'AVAILABLE', 'SHELF', 0),
    ('c0000015-0000-0000-0000-000000000015', 'b0000014-0000-0000-0000-000000000014', 'COPY-015', 'AVAILABLE', 'BRANCH', 0),
    ('c0000016-0000-0000-0000-000000000016', 'b0000015-0000-0000-0000-000000000015', 'COPY-016', 'AVAILABLE', 'SHELF', 0),
    ('c0000017-0000-0000-0000-000000000017', 'b0000016-0000-0000-0000-000000000016', 'COPY-017', 'AVAILABLE', 'BRANCH', 0),
    ('c0000018-0000-0000-0000-000000000018', 'b0000017-0000-0000-0000-000000000017', 'COPY-018', 'AVAILABLE', 'SHELF', 0),
    ('c0000019-0000-0000-0000-000000000019', 'b0000018-0000-0000-0000-000000000018', 'COPY-019', 'AVAILABLE', 'BRANCH', 0),
    ('c0000020-0000-0000-0000-000000000020', 'b0000019-0000-0000-0000-000000000019', 'COPY-020', 'AVAILABLE', 'SHELF', 0)
ON CONFLICT (id) DO NOTHING;